 Iteration,       psi1,       phi2,       psi2,       phi3,       psi3,       phi4,       psi4,       phi5,    Fitness,         x8,         x2,         x3,         x1,         x6,         x7,         x4,         x5
         0,  -2.960274,  1.5222545,  0.3110765,  0.1285323,  4.1542388,  2.0814322, -1.2185358,  2.3476381, 3.59469662, 3.59469662, 3.59469662, 3.59469662, 3.59469662, 3.59469662, 3.59469662, 3.59469662, 3.59469662
         0,  4.0129407,  0.4228239, -3.8607362, -1.0527969, -4.7330993,  3.1590932,  2.3279555,  0.1517881, 3.61088131, 3.61088131, 3.61088131, 3.61088131, 3.61088131, 3.61088131, 3.61088131, 3.61088131, 3.61088131
         0, -1.6041769, -1.8820732,  4.6536224,  0.2195864,  1.8167009,  1.8578129, -1.2985072,  0.1843999, 3.82204903, 3.82204903, 3.82204903, 3.82204903, 3.82204903, 3.82204903, 3.82204903, 3.82204903, 3.82204903
         0, -0.5072687,  4.0254631, -0.2317883, -0.6832852, -1.2920011,   3.308481, -4.2848937,   3.634416, 3.90311794, 3.90311794, 3.90311794, 3.90311794, 3.90311794, 3.90311794, 3.90311794, 3.90311794, 3.90311794
         0, -1.9945427,  2.3775682,  3.2408165, -0.1359765,  0.1708356,  2.7876789, -2.9094105, -1.6541836, 3.90383334, 3.90383334, 3.90383334, 3.90383334, 3.90383334, 3.90383334, 3.90383334, 3.90383334, 3.90383334
         0,   1.000132,  2.6193347,  1.1504164,  2.4415134,  3.3170903,   0.709886,  -4.063886,  1.0268294, 3.91146230,  3.9114623,  3.9114623,  3.9114623,  3.9114623,  3.9114623,  3.9114623,  3.9114623,  3.9114623
         0,  0.8791739, -3.3066735,  0.1074704,  1.4283004,  2.8462704,   1.358323,  4.5062313,  0.5239108, 3.92016795, 3.92016795, 3.92016795, 3.92016795, 3.92016795, 3.92016795, 3.92016795, 3.92016795, 3.92016795
         0,   2.369951, -1.8746765, -1.6005163, -3.1493738,  1.5483838,  3.9565697,   0.782058,  2.3766942, 3.98321607, 3.98321607, 3.98321607, 3.98321607, 3.98321607, 3.98321607, 3.98321607, 3.98321607, 3.98321607
         0, -4.5993219,   2.228447,  2.6297716,  1.6636402, -3.0080855, -1.4924979,  4.6045377,  3.5172984, 4.01965486, 4.01965486, 4.01965486, 4.01965486, 4.01965486, 4.01965486, 4.01965486, 4.01965486, 4.01965486
         0,  1.6583551,  4.9543403,  4.7140674,  2.5480572, -2.7396161,  1.6501458, -0.3130919,  1.2686421, 4.08150138, 4.08150138, 4.08150138, 4.08150138, 4.08150138, 4.08150138, 4.08150138, 4.08150138, 4.08150138
         0, -1.2178914, -0.0782048,  2.7774239,   0.400246,  2.2358481,  1.7712791, -4.0651248,  4.0811913, 4.08794465, 4.08794465, 4.08794465, 4.08794465, 4.08794465, 4.08794465, 4.08794465, 4.08794465, 4.08794465
         0,  4.7746153,  2.8150678, -2.4851672,  2.6876825,   -4.44982,  0.2329844,   4.855618,   3.880542, 4.10831164, 4.10831164, 4.10831164, 4.10831164, 4.10831164, 4.10831164, 4.10831164, 4.10831164, 4.10831164
         0, -1.1775046, -0.0581448, -1.9581289,  0.0697613, -0.0740495,  4.0015856,  1.2207989,  1.1390732, 4.12552418, 4.12552418, 4.12552418, 4.12552418, 4.12552418, 4.12552418, 4.12552418, 4.12552418, 4.12552418
         0,  3.4264909,  4.6593496,  3.5437052,  1.4860915, -4.4471121, -3.1329144, -4.6233922, -4.5058921, 4.13002636, 4.13002636, 4.13002636, 4.13002636, 4.13002636, 4.13002636, 4.13002636, 4.13002636, 4.13002636
         0, -2.5719904, -3.6755897,  -1.612682,   0.453702,  2.3559776,  3.3752279, -0.5793155,  2.7366599, 4.13771290,  4.1377129,  4.1377129,  4.1377129,  4.1377129,  4.1377129,  4.1377129,  4.1377129,  4.1377129
         0,  2.7972546, -2.2904543,  3.3259798,  1.3837205,  4.9487008, -4.1284697, -0.4015603,  4.6684205, 4.14547615, 4.14547615, 4.14547615, 4.14547615, 4.14547615, 4.14547615, 4.14547615, 4.14547615, 4.14547615
         0,   1.885047,  3.2385661, -1.4116354,  2.1540144, -1.2985227,  1.2474405,  2.5382275,   3.285778, 4.15486757, 4.15486757, 4.15486757, 4.15486757, 4.15486757, 4.15486757, 4.15486757, 4.15486757, 4.15486757
         0,  4.4398484, -0.9867194,  4.2899906, -0.2109271, -2.9118461, -3.8056875,  3.8624441, -3.7479946, 4.15737415, 4.15737415, 4.15737415, 4.15737415, 4.15737415, 4.15737415, 4.15737415, 4.15737415, 4.15737415
         0,  3.9857316, -1.9075096,  -3.565172, -1.6086936, -4.8761414,  1.7002371,  1.4389612,  0.4538234, 4.19995549, 4.19995549, 4.19995549, 4.19995549, 4.19995549, 4.19995549, 4.19995549, 4.19995549, 4.19995549
         0,  0.2214595,  3.6744473, -4.9340699, -2.9981676,  1.0946931,  3.1727985,  0.1854634,   0.473926, 4.20191258, 4.20191258, 4.20191258, 4.20191258, 4.20191258, 4.20191258, 4.20191258, 4.20191258, 4.20191258
         0, -2.2056875,  3.5089973,  0.8241295, -1.9243006,  0.8501536,  2.4910422,  1.0982579,  4.2778074, 4.21200237, 4.21200237, 4.21200237, 4.21200237, 4.21200237, 4.21200237, 4.21200237, 4.21200237, 4.21200237
         0, -4.9602368,  4.9526669, -0.0248311, -0.0326266, -1.4215368,  0.2887131, -2.9089947, -1.1970163, 4.23618475, 4.23618475, 4.23618475, 4.23618475, 4.23618475, 4.23618475, 4.23618475, 4.23618475, 4.23618475
         0,  4.7209892,  0.7740649, -2.6654813,  3.4836461,  1.5087308,  1.1464754,  -4.661647,  1.8114239, 4.24914638, 4.24914638, 4.24914638, 4.24914638, 4.24914638, 4.24914638, 4.24914638, 4.24914638, 4.24914638
         0, -0.5039365,  1.5513493, -3.8600234,  1.2322561, -1.7451948, -2.2784127,  1.4811503,  4.3169474, 4.26052635, 4.26052635, 4.26052635, 4.26052635, 4.26052635, 4.26052635, 4.26052635, 4.26052635, 4.26052635
         0,  -0.625045,  2.0377091, -2.0110435,  2.9601243,  4.9451618, -2.2235036,  2.2876125,  4.8350447, 4.26334934, 4.26334934, 4.26334934, 4.26334934, 4.26334934, 4.26334934, 4.26334934, 4.26334934, 4.26334934
         0,  4.2709986,  -0.150514,  1.8002666,  0.7782834,  -2.716192, -2.2079084,   3.828885,  3.7769377, 4.27280701, 4.27280701, 4.27280701, 4.27280701, 4.27280701, 4.27280701, 4.27280701, 4.27280701, 4.27280701
         0,  -1.698315,  3.6386012,  -1.579335,  2.8565217,  4.2837896, -2.7023821, -0.2810337,  2.9684792, 4.27984330,  4.2798433,  4.2798433,  4.2798433,  4.2798433,  4.2798433,  4.2798433,  4.2798433,  4.2798433
         0,  0.7778126, -1.3384145,  0.5364426,  1.0344496,   3.489891, -2.4398786, -2.9733587,  3.5424399, 4.28052733, 4.28052733, 4.28052733, 4.28052733, 4.28052733, 4.28052733, 4.28052733, 4.28052733, 4.28052733
         0, -2.2092388,  4.2585453, -4.5129689,  -0.920453,  3.4228016,  1.2913793,   3.707831,  0.3178269, 4.28610464, 4.28610464, 4.28610464, 4.28610464, 4.28610464, 4.28610464, 4.28610464, 4.28610464, 4.28610464
         0,  4.7181963,  0.2539972, -1.9739635, -0.5988372,  2.5313334,   0.773369,  4.8592172,  4.3646899, 4.29153864, 4.29153864, 4.29153864, 4.29153864, 4.29153864, 4.29153864, 4.29153864, 4.29153864, 4.29153864
         0,   -1.59451, -0.9260752,  3.7293036,   0.992469,  2.3466997, -4.3619222, -3.5862546, -4.6823592, 4.29568310,  4.2956831,  4.2956831,  4.2956831,  4.2956831,  4.2956831,  4.2956831,  4.2956831,  4.2956831
         0,  4.4305494,  1.8437242,  3.5440498,  0.7968636,  2.1228035, -2.0728728,  3.3188432,  3.7609526, 4.29847865, 4.29847865, 4.29847865, 4.29847865, 4.29847865, 4.29847865, 4.29847865, 4.29847865, 4.29847865
         0,  0.1625308,  4.6435649,  2.3922072, -0.6010421,  1.2349861, -4.3368074,  3.2892964, -1.2375393, 4.30564695, 4.30564695, 4.30564695, 4.30564695, 4.30564695, 4.30564695, 4.30564695, 4.30564695, 4.30564695
         0,  1.0169521, -1.4980183,  3.9841618,  2.3670654,  4.9725258, -1.1783056,  3.2589024,   1.401166, 4.30761166, 4.30761166, 4.30761166, 4.30761166, 4.30761166, 4.30761166, 4.30761166, 4.30761166, 4.30761166
         0, -1.2212629, -1.2831388, -0.7855032,  1.0533721,  4.0820519,  -1.848605,  0.4405363,  4.4027919, 4.30913832, 4.30913832, 4.30913832, 4.30913832, 4.30913832, 4.30913832, 4.30913832, 4.30913832, 4.30913832
         0,  0.9336795,   0.186776, -3.8842391,  0.6351188, -2.4842247,  0.6450046,  1.2649491, -4.1974768, 4.31314331, 4.31314331, 4.31314331, 4.31314331, 4.31314331, 4.31314331, 4.31314331, 4.31314331, 4.31314331
         0,  1.9398817,  4.9234275, -3.5461576,  2.8404681,  1.6907083, -4.3978547,  0.4054744,  4.0998949, 4.32026210,  4.3202621,  4.3202621,  4.3202621,  4.3202621,  4.3202621,  4.3202621,  4.3202621,  4.3202621
         0, -4.4239998, -1.7784441,  4.3574108,  1.4840969,  0.1759423, -0.6062485, -2.4527966,  4.2020819, 4.32377944, 4.32377944, 4.32377944, 4.32377944, 4.32377944, 4.32377944, 4.32377944, 4.32377944, 4.32377944
         0,  1.1879641, -4.6992813, -1.2718942,  2.7513238, -1.5742721,  1.0560451,  1.2526065,  2.6243214, 4.32422512, 4.32422512, 4.32422512, 4.32422512, 4.32422512, 4.32422512, 4.32422512, 4.32422512, 4.32422512
         0, -2.9756648,  3.1384249,  2.6794079,   1.559226,  4.3037944, -1.8788169,  2.0494733,  3.0567452, 4.33456434, 4.33456434, 4.33456434, 4.33456434, 4.33456434, 4.33456434, 4.33456434, 4.33456434, 4.33456434
         0,  2.3870421,  2.7815394, -3.9459952,  2.9105948,  4.7576887,  0.7711328,  -2.078087,  2.6792427, 4.33558929, 4.33558929, 4.33558929, 4.33558929, 4.33558929, 4.33558929, 4.33558929, 4.33558929, 4.33558929
         0,  3.0695619,  4.7489171,  3.9283275,  0.5590101, -2.5441506,  -3.856625,  3.1239285,  -2.713218, 4.34174231, 4.34174231, 4.34174231, 4.34174231, 4.34174231, 4.34174231, 4.34174231, 4.34174231, 4.34174231
         0,  3.1944806,  4.6502344, -0.3616992, -1.6834879, -4.4282379,  3.4789094,  3.7508173, -2.2088881, 4.35308304, 4.35308304, 4.35308304, 4.35308304, 4.35308304, 4.35308304, 4.35308304, 4.35308304, 4.35308304
         0, -0.9880189, -0.3586199,  -4.209248,  0.9088334, -3.3039145, -2.1248314,  0.3426069,  2.7625616, 4.35789383, 4.35789383, 4.35789383, 4.35789383, 4.35789383, 4.35789383, 4.35789383, 4.35789383, 4.35789383
         0, -0.6341011,  4.1825796,  2.4245788,  1.5513999, -0.3795237,    4.82522, -1.5606945, -3.9299183, 4.35932271, 4.35932271, 4.35932271, 4.35932271, 4.35932271, 4.35932271, 4.35932271, 4.35932271, 4.35932271
         0, -4.6323064, -1.0440277, -3.0779182,  3.6717054, -0.4634594,  -0.274858,  0.6375768,  2.3255366, 4.36637181, 4.36637181, 4.36637181, 4.36637181, 4.36637181, 4.36637181, 4.36637181, 4.36637181, 4.36637181
         0, -3.5785325, -1.4378236, -3.4995288, -4.1537128,  -4.027701,  3.3310551, -2.5185916,  1.1289267, 4.40837616, 4.40837616, 4.40837616, 4.40837616, 4.40837616, 4.40837616, 4.40837616, 4.40837616, 4.40837616
         0, -0.9851874,  1.3022336, -1.3274318,  0.8988958, -1.3348942,  -3.919025,   3.260583, -3.4437898, 4.41295276, 4.41295276, 4.41295276, 4.41295276, 4.41295276, 4.41295276, 4.41295276, 4.41295276, 4.41295276
         0,  2.3028212, -2.8368713, -2.9037758,  2.3178279, -4.0558252, -0.8964035, -2.0631158,  2.5920646, 4.42129696, 4.42129696, 4.42129696, 4.42129696, 4.42129696, 4.42129696, 4.42129696, 4.42129696, 4.42129696
         0, -3.5831391, -1.0662204,  0.6889364,  -0.523595,  1.6191249,   3.908977, -3.9689881, -3.5463296, 4.42206797, 4.42206797, 4.42206797, 4.42206797, 4.42206797, 4.42206797, 4.42206797, 4.42206797, 4.42206797
         0,  1.8687621, -3.7879992,  1.6332319,  1.9532305,  4.0700262,  0.5664898,  0.6796894, -1.0892024, 4.43178986, 4.43178986, 4.43178986, 4.43178986, 4.43178986, 4.43178986, 4.43178986, 4.43178986, 4.43178986
         0, -3.1915621, -2.2079765,  4.2746122,  -2.150298, -2.5432478,  -0.172974, -2.6495206,   2.934666, 4.44832792, 4.44832792, 4.44832792, 4.44832792, 4.44832792, 4.44832792, 4.44832792, 4.44832792, 4.44832792
         0, -3.9242072,  0.9715494,  4.6963859, -1.8139289,  2.6484935, -0.8458589, -1.2257467,  4.6308279, 4.45761733, 4.45761733, 4.45761733, 4.45761733, 4.45761733, 4.45761733, 4.45761733, 4.45761733, 4.45761733
         0,  4.3898221, -1.2487763, -1.0862441,   0.914882,  1.4686244,  -2.588401,  3.7505689,  2.6415615, 4.46061147, 4.46061147, 4.46061147, 4.46061147, 4.46061147, 4.46061147, 4.46061147, 4.46061147, 4.46061147
         0, -4.5560523,  0.3258456,   0.441983,  2.1567621, -2.7563224, -2.2354403,  1.4747082,  2.2696811, 4.46477648, 4.46477648, 4.46477648, 4.46477648, 4.46477648, 4.46477648, 4.46477648, 4.46477648, 4.46477648
         0,  2.5280184,  2.4696934,  0.3230903, -0.0800509,  2.0670012, -3.4487491, -4.3028637, -2.7236043, 4.47051530,  4.4705153,  4.4705153,  4.4705153,  4.4705153,  4.4705153,  4.4705153,  4.4705153,  4.4705153
         0, -4.4654634,  4.9161608, -0.8532406, -1.1815449,  0.9801401, -3.0602101,  3.5827977,  -3.905558, 4.48087023, 4.48087023, 4.48087023, 4.48087023, 4.48087023, 4.48087023, 4.48087023, 4.48087023, 4.48087023
         0, -1.7379929,  3.7414756, -2.1791292, -0.8176458, -2.1102898, -0.1371173, -2.6252422, -3.7603075, 4.49151324, 4.49151324, 4.49151324, 4.49151324, 4.49151324, 4.49151324, 4.49151324, 4.49151324, 4.49151324
         0, -2.9807662, -1.7140182, -3.6257106, -2.3800842, -0.1792502,  0.1964275, -3.8118384,  2.5152017, 4.50563728, 4.50563728, 4.50563728, 4.50563728, 4.50563728, 4.50563728, 4.50563728, 4.50563728, 4.50563728
         0,  1.4947419, -0.5002355,  1.7542998,  1.7768783,  3.2095128,  2.1092582,  2.4396968, -1.3665184, 4.51203841, 4.51203841, 4.51203841, 4.51203841, 4.51203841, 4.51203841, 4.51203841, 4.51203841, 4.51203841
         0,  2.9386845,  0.7940418,  1.8988249,  4.4031104, -2.4004234,  1.6267391,  2.2556503,  3.4011104, 4.52389640,  4.5238964,  4.5238964,  4.5238964,  4.5238964,  4.5238964,  4.5238964,  4.5238964,  4.5238964
         0, -2.3886817, -1.4528507,  4.2346076,  0.8559499,  0.1367271,  4.8363755,  1.8253358,  4.1289101, 4.52417114, 4.52417114, 4.52417114, 4.52417114, 4.52417114, 4.52417114, 4.52417114, 4.52417114, 4.52417114
         0, -0.7154479,  4.5728661,  2.5181344, -0.1310319,   4.836356,   4.969431,  4.6645934,  2.3843484, 4.53475401, 4.53475401, 4.53475401, 4.53475401, 4.53475401, 4.53475401, 4.53475401, 4.53475401, 4.53475401
         0,  2.7172267, -1.6466713, -0.8864857,  0.4953492,  4.5885691, -1.9454403, -4.0710061, -3.2416174, 4.54674119, 4.54674119, 4.54674119, 4.54674119, 4.54674119, 4.54674119, 4.54674119, 4.54674119, 4.54674119
         0,  0.1172731, -4.8719063, -2.0860905, -1.0333168, -2.0915169,  1.5353041, -4.4163819, -4.1683822, 4.54680997, 4.54680997, 4.54680997, 4.54680997, 4.54680997, 4.54680997, 4.54680997, 4.54680997, 4.54680997
         0,  4.3905758, -2.5582383, -4.4121431, -4.2141042,  3.7132936,  3.9609514, -1.8674589,  4.9662798, 4.55100204, 4.55100204, 4.55100204, 4.55100204, 4.55100204, 4.55100204, 4.55100204, 4.55100204, 4.55100204
         0,  -2.070883,  3.9000265,  3.1499534,   4.460749,  1.4532731, -4.9155733, -4.4371621,  4.7157773, 4.56068823, 4.56068823, 4.56068823, 4.56068823, 4.56068823, 4.56068823, 4.56068823, 4.56068823, 4.56068823
         0,  1.3290084, -3.2043532, -0.9097185,  3.9512508, -3.6653924, -0.5897115,  0.8048053,  2.4588959, 4.56308946, 4.56308946, 4.56308946, 4.56308946, 4.56308946, 4.56308946, 4.56308946, 4.56308946, 4.56308946
         0, -1.8312982,  4.1270334,  -2.693194,  1.4234919,   2.289945, -1.6096511,  1.1064517,  2.2236377, 4.57454290,  4.5745429,  4.5745429,  4.5745429,  4.5745429,  4.5745429,  4.5745429,  4.5745429,  4.5745429
         0,  0.4276049, -3.0685081,  -4.698666,  4.7104321,  2.3694556, -3.8569078,    2.89344,  3.8109727, 4.57726137, 4.57726137, 4.57726137, 4.57726137, 4.57726137, 4.57726137, 4.57726137, 4.57726137, 4.57726137
         0, -3.9300307, -1.8564006,  3.3481683,  3.3420087, -1.2987145,  -4.337276,  2.0642476, -4.8993684, 4.57874059, 4.57874059, 4.57874059, 4.57874059, 4.57874059, 4.57874059, 4.57874059, 4.57874059, 4.57874059
         0, -3.1284464,   -1.76901,  -3.819496, -4.9971322,  -1.702533, -4.7425856,  1.5245541,  2.3857184, 4.59144874, 4.59144874, 4.59144874, 4.59144874, 4.59144874, 4.59144874, 4.59144874, 4.59144874, 4.59144874
         0, -1.6124698, -0.1008688,  3.3762691, -1.1887987,  3.7992884,  1.0040813,   3.418844, -3.0837545, 4.59706126, 4.59706126, 4.59706126, 4.59706126, 4.59706126, 4.59706126, 4.59706126, 4.59706126, 4.59706126
         0, -1.4739509,  4.2179753,   -1.07303, -0.1135187, -2.5639706,  -4.776521, -4.9469519, -4.2084897, 4.60095003, 4.60095003, 4.60095003, 4.60095003, 4.60095003, 4.60095003, 4.60095003, 4.60095003, 4.60095003
         0,  3.3166511,  2.0903939, -4.3052987, -3.5263009, -1.1803211,  3.0505217, -0.2970306,  0.2774971, 4.60580579, 4.60580579, 4.60580579, 4.60580579, 4.60580579, 4.60580579, 4.60580579, 4.60580579, 4.60580579
         0,  1.7779716, -4.2289485,  3.7500806, -4.7721436,  -4.506365, -3.3874104,  3.8877789,   3.923751, 4.60770076, 4.60770076, 4.60770076, 4.60770076, 4.60770076, 4.60770076, 4.60770076, 4.60770076, 4.60770076
         0,  0.9232601,  1.2076887, -0.5574131, -4.0477003,  0.5076575,  3.5996727, -3.3301147,  1.6262511, 4.60899177, 4.60899177, 4.60899177, 4.60899177, 4.60899177, 4.60899177, 4.60899177, 4.60899177, 4.60899177
         0,  1.4047763, -4.9105154, -0.1666842,  3.5593014,  0.3490446, -4.5035744, -2.6110015, -4.5304866, 4.61678197, 4.61678197, 4.61678197, 4.61678197, 4.61678197, 4.61678197, 4.61678197, 4.61678197, 4.61678197
         0, -2.2647252, -2.4595139, -1.5949492,  2.6489488, -4.5508259,  0.7725942,  2.3830327,  4.4712816, 4.61835797, 4.61835797, 4.61835797, 4.61835797, 4.61835797, 4.61835797, 4.61835797, 4.61835797, 4.61835797
         0,  -1.895885, -1.3692842,  4.4696308,  4.2029828, -2.9871821,  2.1830239,  4.7622605,  2.4610476, 4.62304315, 4.62304315, 4.62304315, 4.62304315, 4.62304315, 4.62304315, 4.62304315, 4.62304315, 4.62304315
         0,  0.8630927, -3.1051991,  0.2166033, -2.0582373,  2.8378829,  4.4882249, -3.5861384, -3.0632194, 4.63713069, 4.63713069, 4.63713069, 4.63713069, 4.63713069, 4.63713069, 4.63713069, 4.63713069, 4.63713069
         0,  1.8827667,  4.3959125,  4.0322448,  4.2442667,  0.5049797,  4.6264718, -0.3137702,  4.5214314, 4.63864966, 4.63864966, 4.63864966, 4.63864966, 4.63864966, 4.63864966, 4.63864966, 4.63864966, 4.63864966
         0, -3.5733316, -0.5579863, -1.1086804, -0.3105531,  4.6150963, -1.7430935,  4.3028718, -2.9802163, 4.64016312, 4.64016312, 4.64016312, 4.64016312, 4.64016312, 4.64016312, 4.64016312, 4.64016312, 4.64016312
         0, -3.5407103, -1.4309841,  0.8377739,  0.2628252,  2.4457593, -1.5771753, -4.2701362, -3.6797017, 4.66703377, 4.66703377, 4.66703377, 4.66703377, 4.66703377, 4.66703377, 4.66703377, 4.66703377, 4.66703377
         0,  3.5560938, -0.3600693,  4.9453314,  1.9675766,  3.4178262,  3.5306669,  3.2328497,  2.3692304, 4.67932298, 4.67932298, 4.67932298, 4.67932298, 4.67932298, 4.67932298, 4.67932298, 4.67932298, 4.67932298
         0,  2.8518732,  1.1579599,  4.7572896, -0.3629373,  2.0871041, -3.0290351,  1.6421017, -2.4741295, 4.68084436, 4.68084436, 4.68084436, 4.68084436, 4.68084436, 4.68084436, 4.68084436, 4.68084436, 4.68084436
         0,  2.3089687,  0.3670147, -1.8213791, -1.8387412,  3.6433455,  4.8266162, -0.2527033,  3.5643573, 4.68840078, 4.68840078, 4.68840078, 4.68840078, 4.68840078, 4.68840078, 4.68840078, 4.68840078, 4.68840078
         0, -4.9173336,  0.7120847,  1.0988002,  -4.435711,  1.4242181, -1.7365618,   0.678241,  4.0410297, 4.69197268, 4.69197268, 4.69197268, 4.69197268, 4.69197268, 4.69197268, 4.69197268, 4.69197268, 4.69197268
         0, -3.5986867,  1.8211119,  3.1694711, -0.5949197, -2.1292882, -1.4647103,  2.3663487, -2.2229111, 4.70829775, 4.70829775, 4.70829775, 4.70829775, 4.70829775, 4.70829775, 4.70829775, 4.70829775, 4.70829775
         0, -1.0274105, -1.5480605, -0.6785416, -3.2851152,   2.272611,  0.2404988,  4.6149189, -4.4757733, 4.71176127, 4.71176127, 4.71176127, 4.71176127, 4.71176127, 4.71176127, 4.71176127, 4.71176127, 4.71176127
         0, -0.1248819,  4.9110545,  2.3794499,  3.9170264,  2.8457766,  4.3365457,  4.3809115, -4.9237011, 4.72365074, 4.72365074, 4.72365074, 4.72365074, 4.72365074, 4.72365074, 4.72365074, 4.72365074, 4.72365074
         0, -0.1499547, -3.3885341, -1.5080029,  1.5350436,  1.3957179,  -4.225927, -1.4825796,  2.0211589, 4.72697210,  4.7269721,  4.7269721,  4.7269721,  4.7269721,  4.7269721,  4.7269721,  4.7269721,  4.7269721
         0,  4.7932458,  3.4056904,  3.5779707, -1.3956608, -2.4226229,  1.5804424, -4.2265553,  -1.689468, 4.72798879, 4.72798879, 4.72798879, 4.72798879, 4.72798879, 4.72798879, 4.72798879, 4.72798879, 4.72798879
         0,  2.7251291, -3.5918124, -3.6695912, -4.4599364,  4.2691054,  1.6593217,  4.5497549,  1.8052012, 4.72993232, 4.72993232, 4.72993232, 4.72993232, 4.72993232, 4.72993232, 4.72993232, 4.72993232, 4.72993232
         0,   -4.54532, -0.9014797,   3.115261, -0.6924422, -3.6263274, -4.9919118, -2.1871137,  2.5771572, 4.73625269, 4.73625269, 4.73625269, 4.73625269, 4.73625269, 4.73625269, 4.73625269, 4.73625269, 4.73625269
         0, -3.4053567,  2.6997583, -2.0863548,  1.6957622,  1.1280797,  0.5863383,  1.0810829, -3.5466871, 4.73822871, 4.73822871, 4.73822871, 4.73822871, 4.73822871, 4.73822871, 4.73822871, 4.73822871, 4.73822871
         0, -1.7749969, -2.0708302, -1.1709771, -2.8917556,  0.9849146,  2.4520439, -2.4808534, -1.7850113, 4.73827225, 4.73827225, 4.73827225, 4.73827225, 4.73827225, 4.73827225, 4.73827225, 4.73827225, 4.73827225
         0, -4.6800693, -4.8212732, -3.5444036, -4.8414062, -1.8110082,  4.4828716,  2.3610452,  1.6391601, 4.74021034, 4.74021034, 4.74021034, 4.74021034, 4.74021034, 4.74021034, 4.74021034, 4.74021034, 4.74021034
         0,  2.9321569, -2.5399545, -1.3733472, -4.1281984, -4.7098716, -4.9855904, -2.1520179,  0.8024427, 4.74936414, 4.74936414, 4.74936414, 4.74936414, 4.74936414, 4.74936414, 4.74936414, 4.74936414, 4.74936414
         0,  -0.563515, -4.0214428,   1.695022, -2.5154915, -1.1394705,  3.8041392, -0.4241183,   -3.76346, 4.76167952, 4.76167952, 4.76167952, 4.76167952, 4.76167952, 4.76167952, 4.76167952, 4.76167952, 4.76167952
         0, -4.9333517, -1.8131761,  0.0761891,  0.6557506,  -1.007914, -1.6922087,  1.2006613,  0.9261931, 4.77755205, 4.77755205, 4.77755205, 4.77755205, 4.77755205, 4.77755205, 4.77755205, 4.77755205, 4.77755205
         0,  0.1498583, -1.4770475,  2.1385161, -2.6149952, -4.0371128, -0.6863763,  1.3378778,  2.3549506, 4.78381864, 4.78381864, 4.78381864, 4.78381864, 4.78381864, 4.78381864, 4.78381864, 4.78381864, 4.78381864
         0,  0.3008601,  1.2307995,  1.7080888,  4.1516178,  3.6658556,   4.565202, -2.9494615,  3.0385728, 4.78396694, 4.78396694, 4.78396694, 4.78396694, 4.78396694, 4.78396694, 4.78396694, 4.78396694, 4.78396694
         0,    0.54303, -3.6913263, -0.9353081,  -2.344555,  -4.918608,  1.1222346,  2.5405321,  0.1273936, 4.78401734, 4.78401734, 4.78401734, 4.78401734, 4.78401734, 4.78401734, 4.78401734, 4.78401734, 4.78401734
         0, -3.0995008, -1.8492948,  4.5952644,  1.7549147,  2.6535571,  3.7943194,  2.5459447,  1.5965565, 4.78441419, 4.78441419, 4.78441419, 4.78441419, 4.78441419, 4.78441419, 4.78441419, 4.78441419, 4.78441419
         0,  2.7873955,  0.7789895,  4.8911822, -4.5609418,   2.577795,  3.5059278,  1.1928515,  4.5509333, 4.79153646, 4.79153646, 4.79153646, 4.79153646, 4.79153646, 4.79153646, 4.79153646, 4.79153646, 4.79153646
         0, -2.1705376,  0.7902574,  4.9289517, -1.5877893,  1.6789564, -3.7606486, -1.4561687, -3.8760375, 4.79516487, 4.79516487, 4.79516487, 4.79516487, 4.79516487, 4.79516487, 4.79516487, 4.79516487, 4.79516487
         0,  2.9685681,  3.8229338, -2.2356202, -3.7557999,  3.4761628, -3.6701266,  3.1695671,  4.7812468, 4.79551443, 4.79551443, 4.79551443, 4.79551443, 4.79551443, 4.79551443, 4.79551443, 4.79551443, 4.79551443
         0, -0.2931928, -2.4229399, -2.1316255,   3.398829, -0.8635811,   1.592656, -1.6485323,  0.9852027, 4.80597817, 4.80597817, 4.80597817, 4.80597817, 4.80597817, 4.80597817, 4.80597817, 4.80597817, 4.80597817
         0, -1.3902089,  1.9803481, -3.3474006, -1.2585682, -0.0713034,   0.105257, -3.1165036,  0.1060042, 4.81563316, 4.81563316, 4.81563316, 4.81563316, 4.81563316, 4.81563316, 4.81563316, 4.81563316, 4.81563316
         0,  0.5227754,  4.9850179,  1.5209786,  3.3885392,   2.631672,  0.5090872,  0.0934024,   0.273076, 4.81610586, 4.81610586, 4.81610586, 4.81610586, 4.81610586, 4.81610586, 4.81610586, 4.81610586, 4.81610586
         0,  0.6231983,   2.852266,  2.6936698,  3.0932609, -0.2898275,  -4.535897, -4.3750614,  -3.190286, 4.81726780,  4.8172678,  4.8172678,  4.8172678,  4.8172678,  4.8172678,  4.8172678,  4.8172678,  4.8172678
         0,  4.4589816,  0.9370707, -4.6115265,  1.6882123,  3.7736437, -3.9072657,   1.611295,  3.0673979, 4.82358593, 4.82358593, 4.82358593, 4.82358593, 4.82358593, 4.82358593, 4.82358593, 4.82358593, 4.82358593
         0,  2.0446573,  1.1835313, -3.5496251,  2.4306068, -1.0096738,  4.7552571,  3.8525561,  -4.204397, 4.82392836, 4.82392836, 4.82392836, 4.82392836, 4.82392836, 4.82392836, 4.82392836, 4.82392836, 4.82392836
         0,  3.1613627, -1.8251078,  3.2628675,  3.8970614,  1.4234543, -4.9616749,  4.4510105, -4.2424561, 4.82444889, 4.82444889, 4.82444889, 4.82444889, 4.82444889, 4.82444889, 4.82444889, 4.82444889, 4.82444889
         0, -3.4808219,  2.3612106,  0.3273439,   0.434701,  2.6340633, -3.9704276,  0.7558172,  3.2411778, 4.82727977, 4.82727977, 4.82727977, 4.82727977, 4.82727977, 4.82727977, 4.82727977, 4.82727977, 4.82727977
         0, -0.1276419, -4.3269655,  2.6402186, -1.5419638,  1.3788798, -4.2529373, -4.5866466, -4.3333105, 4.84059316, 4.84059316, 4.84059316, 4.84059316, 4.84059316, 4.84059316, 4.84059316, 4.84059316, 4.84059316
         0, -1.7461492,  0.7025463,  2.5325136,  2.8117066, -4.0935148, -3.3163088,  1.0971914,  2.8981638, 4.84063881, 4.84063881, 4.84063881, 4.84063881, 4.84063881, 4.84063881, 4.84063881, 4.84063881, 4.84063881
         0,  0.2746782,  2.4446342, -4.6207826, -3.0795308, -4.8695437, -0.1310363,  4.0016312,  4.2329479, 4.84485942, 4.84485942, 4.84485942, 4.84485942, 4.84485942, 4.84485942, 4.84485942, 4.84485942, 4.84485942
         0, -3.9244242,  4.9714035,  1.4347078,  4.4077293,  4.8723136,    0.93002, -1.1145613,  3.3655109, 4.86707727, 4.86707727, 4.86707727, 4.86707727, 4.86707727, 4.86707727, 4.86707727, 4.86707727, 4.86707727
         0, -4.8967014, -2.4630117,  1.1258464, -0.0725792, -2.4208373, -3.8858772,  2.6952384,  1.9145553, 4.87183116, 4.87183116, 4.87183116, 4.87183116, 4.87183116, 4.87183116, 4.87183116, 4.87183116, 4.87183116
         0, -0.7637698,  0.2142924, -1.1272234,  4.6815281, -4.4115284, -3.8898197, -1.3988138, -4.8965106, 4.88620576, 4.88620576, 4.88620576, 4.88620576, 4.88620576, 4.88620576, 4.88620576, 4.88620576, 4.88620576
         0,  2.5253228,  3.0392519,   0.280319, -3.7432499,  3.7919503, -0.2201647,  1.2557206,  4.4551008, 4.89041675, 4.89041675, 4.89041675, 4.89041675, 4.89041675, 4.89041675, 4.89041675, 4.89041675, 4.89041675
         0,  0.2695103,  0.4514549,  2.4738329, -3.6369809, -4.5534535,  4.1628388,  4.1388501, -0.2129187, 4.89298773, 4.89298773, 4.89298773, 4.89298773, 4.89298773, 4.89298773, 4.89298773, 4.89298773, 4.89298773
         0, -3.4781796, -4.3985741, -3.5166906, -3.4961337, -4.0703263,  2.3627595,   4.502603, -3.9921496, 4.89806833, 4.89806833, 4.89806833, 4.89806833, 4.89806833, 4.89806833, 4.89806833, 4.89806833, 4.89806833
         0,  0.4697243,  1.3923336,  1.1321045, -4.1376472,    3.31263, -2.0094623,  4.2391157,   3.739843, 4.91661774, 4.91661774, 4.91661774, 4.91661774, 4.91661774, 4.91661774, 4.91661774, 4.91661774, 4.91661774
         0, -1.4348797,  2.1580878,  4.8084212,  0.6988429, -0.9151924, -4.4163769,  4.5957319,  3.5582553, 4.91821098, 4.91821098, 4.91821098, 4.91821098, 4.91821098, 4.91821098, 4.91821098, 4.91821098, 4.91821098
         0,  0.6825562,  3.6362532,  2.0279752, -0.9498769, -0.3842999, -0.7196722,  4.6388853,  2.6062132, 4.93046589, 4.93046589, 4.93046589, 4.93046589, 4.93046589, 4.93046589, 4.93046589, 4.93046589, 4.93046589
         0,  1.2401356,  0.0779567, -3.9066953, -2.0209925,  3.0803408, -0.1748651,  4.2498458,  1.6568735, 4.95120486, 4.95120486, 4.95120486, 4.95120486, 4.95120486, 4.95120486, 4.95120486, 4.95120486, 4.95120486
         0, -1.5902581, -2.6204595,  0.6854517, -2.6512666, -1.6518095, -1.2056725,  1.0104619,  -4.137307, 4.98519895, 4.98519895, 4.98519895, 4.98519895, 4.98519895, 4.98519895, 4.98519895, 4.98519895, 4.98519895
         0, -3.6831982, -3.1950958, -2.2522169, -4.2348424,  3.3171593,  0.5326742,   0.463486, -4.4695253, 4.98792925, 4.98792925, 4.98792925, 4.98792925, 4.98792925, 4.98792925, 4.98792925, 4.98792925, 4.98792925
         0, -2.2914248, -3.8950024,  3.1859936, -2.6453107, -0.6440982, -3.7701563,  2.5048451, -2.1015457, 5.01366770,  5.0136677,  5.0136677,  5.0136677,  5.0136677,  5.0136677,  5.0136677,  5.0136677,  5.0136677
         0, -4.2985482,  0.9270872,  2.5418307, -2.0687207,  2.0109717, -3.5833124, -4.5378444, -0.0604509, 5.01489122, 5.01489122, 5.01489122, 5.01489122, 5.01489122, 5.01489122, 5.01489122, 5.01489122, 5.01489122
         0, -4.5441132,  1.2034436,  3.1149271, -1.4952787, -0.5433237, -2.6305851,  4.4368643,   2.885715, 5.01959495, 5.01959495, 5.01959495, 5.01959495, 5.01959495, 5.01959495, 5.01959495, 5.01959495, 5.01959495
         0,  2.6008168, -4.3819121,  2.9264614, -2.7846588,  -0.634887, -3.5364025,  2.0839573, -0.1651779, 5.02071893, 5.02071893, 5.02071893, 5.02071893, 5.02071893, 5.02071893, 5.02071893, 5.02071893, 5.02071893
         0, -4.3240157,  -0.352385, -1.7568362,  4.0048804,  3.1728706, -0.7925254, -3.4654787,   0.313677, 5.02494453, 5.02494453, 5.02494453, 5.02494453, 5.02494453, 5.02494453, 5.02494453, 5.02494453, 5.02494453
         0,  1.9980825, -4.9108625, -3.5045853,  3.8975623, -4.5601531,  0.8933959,  1.8105105,  4.7862202, 5.03081022, 5.03081022, 5.03081022, 5.03081022, 5.03081022, 5.03081022, 5.03081022, 5.03081022, 5.03081022
         0,  4.8249434,  3.9639177,  -3.369766, -0.3486228,  0.2595243, -1.7673826, -0.2924158, -0.3103487, 5.04014036, 5.04014036, 5.04014036, 5.04014036, 5.04014036, 5.04014036, 5.04014036, 5.04014036, 5.04014036
         0,  1.5990793,  2.9840942, -1.2786978,  -2.948985,  1.6103078, -3.1965358,   2.961435,  3.8058581, 5.04732040,  5.0473204,  5.0473204,  5.0473204,  5.0473204,  5.0473204,  5.0473204,  5.0473204,  5.0473204
         0,  4.8276795, -4.1093118, -4.9085086, -0.6104146,  3.3562334, -2.2148518,  3.4304089,  1.1363296, 5.04864519, 5.04864519, 5.04864519, 5.04864519, 5.04864519, 5.04864519, 5.04864519, 5.04864519, 5.04864519
         0, -0.5003346, -3.9655708,  3.0369249, -3.8097015, -3.7380419, -4.1209154,  0.2707715, -0.2034154, 5.05149092, 5.05149092, 5.05149092, 5.05149092, 5.05149092, 5.05149092, 5.05149092, 5.05149092, 5.05149092
         0, -1.6545895, -2.2315168, -4.0835639, -3.3557026, -2.8365792,  1.9205535, -0.0288741,  -3.620012, 5.06025641, 5.06025641, 5.06025641, 5.06025641, 5.06025641, 5.06025641, 5.06025641, 5.06025641, 5.06025641
         0,  3.4714993,  1.5929659, -3.1515343, -3.3783219,  1.2136973, -2.7323845,  2.3366082, -3.9711696, 5.07312408, 5.07312408, 5.07312408, 5.07312408, 5.07312408, 5.07312408, 5.07312408, 5.07312408, 5.07312408
         0,  1.9850056, -3.4128145,  1.6918057, -1.6452295, -1.6895899, -0.7953014, -0.6414953,  0.0557362, 5.10341190,  5.1034119,  5.1034119,  5.1034119,  5.1034119,  5.1034119,  5.1034119,  5.1034119,  5.1034119
         0,  3.6228888,  1.4215566,  0.4206686,  4.2476661, -0.8732744,  -2.237445, -4.4993834,  0.8926223, 5.10993569, 5.10993569, 5.10993569, 5.10993569, 5.10993569, 5.10993569, 5.10993569, 5.10993569, 5.10993569
         0,  1.8131625,  0.5166091, -1.8214629,  3.8962706, -4.7794479,  4.9277676,  3.3739005,  -3.902801, 5.12004322, 5.12004322, 5.12004322, 5.12004322, 5.12004322, 5.12004322, 5.12004322, 5.12004322, 5.12004322
         0,  4.7254993, -2.7806167,  0.2896883,  3.3587004, -3.4874111, -1.0505576, -4.4310229, -0.4217296, 5.12974893, 5.12974893, 5.12974893, 5.12974893, 5.12974893, 5.12974893, 5.12974893, 5.12974893, 5.12974893
         0, -1.7340851, -1.7328646,  0.5144095,  1.7442216, -2.1670975,    -4.2517,  2.6663249,  -0.602545, 5.13641952, 5.13641952, 5.13641952, 5.13641952, 5.13641952, 5.13641952, 5.13641952, 5.13641952, 5.13641952
         0, -2.7857776,  4.3751889, -2.9900252, -1.8747336,  0.4089789, -2.4651961,  2.5586421,  4.0389881, 5.14014836, 5.14014836, 5.14014836, 5.14014836, 5.14014836, 5.14014836, 5.14014836, 5.14014836, 5.14014836
         0,  3.8127804,  3.2862682,  0.7324803, -3.4056201, -0.8186809,  2.5508058,  0.6585285, -1.3131244, 5.15026600,   5.150266,   5.150266,   5.150266,   5.150266,   5.150266,   5.150266,   5.150266,   5.150266
         0,  3.9630298,  3.0263361, -2.4129007,  4.2546378,  2.7850859,  1.6170528,  1.0031251,  1.1884155, 5.16086910,  5.1608691,  5.1608691,  5.1608691,  5.1608691,  5.1608691,  5.1608691,  5.1608691,  5.1608691
         0,  1.3352697, -0.5127829,  1.5434585,   2.722331,  3.3302086,  2.5152478,  4.2197035, -1.4292919, 5.16579892, 5.16579892, 5.16579892, 5.16579892, 5.16579892, 5.16579892, 5.16579892, 5.16579892, 5.16579892
         0,  2.3210639,  1.5881773,   0.180709,  0.7104818, -4.0496726, -2.6784198,  2.6497182,  0.8382018, 5.17558420,  5.1755842,  5.1755842,  5.1755842,  5.1755842,  5.1755842,  5.1755842,  5.1755842,  5.1755842
         0, -2.7459927, -1.9713001, -0.3186432,  4.0403198,  1.5722251,  -4.618505,  2.8785734, -3.2235346, 5.18622310,  5.1862231,  5.1862231,  5.1862231,  5.1862231,  5.1862231,  5.1862231,  5.1862231,  5.1862231
         0,  0.5153754,  3.6950742,  1.6636965, -2.9774493,  2.8646375,   1.733018, -0.3128711, -1.9350704, 5.19499453, 5.19499453, 5.19499453, 5.19499453, 5.19499453, 5.19499453, 5.19499453, 5.19499453, 5.19499453
         0, -1.1583659,  2.2283497,  1.3319778, -2.8474623, -4.0018615, -0.0067884,  4.0746619, -3.7276509, 5.19675569, 5.19675569, 5.19675569, 5.19675569, 5.19675569, 5.19675569, 5.19675569, 5.19675569, 5.19675569
         0, -2.3957524,  2.3356821, -4.8423356,  1.1957601, -0.7758883, -4.3023171, -2.0058213,  2.4499452, 5.23479776, 5.23479776, 5.23479776, 5.23479776, 5.23479776, 5.23479776, 5.23479776, 5.23479776, 5.23479776
         0, -2.3613127, -2.8385428, -0.4932337, -3.9468284,  1.5387264,  -1.143877, -2.8691103, -3.3216276, 5.25837824, 5.25837824, 5.25837824, 5.25837824, 5.25837824, 5.25837824, 5.25837824, 5.25837824, 5.25837824
         0, -0.5793708, -1.1623445, -2.9351374,   4.846509, -0.0106848, -1.5110206,  2.1038212, -3.7622696, 5.25884464, 5.25884464, 5.25884464, 5.25884464, 5.25884464, 5.25884464, 5.25884464, 5.25884464, 5.25884464
         0, -2.6424856,  1.6010593, -0.5738219, -2.4035859, -4.0146763, -4.4479011,  0.3629404, -4.4692324, 5.26786292, 5.26786292, 5.26786292, 5.26786292, 5.26786292, 5.26786292, 5.26786292, 5.26786292, 5.26786292
         0, -0.3819764,  0.9281735,  1.2081993, -3.9425469, -4.5578548,  1.6064655,   3.591755, -0.3821339, 5.28428528, 5.28428528, 5.28428528, 5.28428528, 5.28428528, 5.28428528, 5.28428528, 5.28428528, 5.28428528
         0,  2.2488982, -4.9051867,  0.4260836,  3.7913384, -3.7751121, -2.3431886,   2.569138,  0.6160283, 5.33165451, 5.33165451, 5.33165451, 5.33165451, 5.33165451, 5.33165451, 5.33165451, 5.33165451, 5.33165451
         0,  1.4801406,  4.0036237,  0.5792038, -4.9459953, -1.2173304,  2.7194339,  1.6493631,  0.1107182, 5.33963882, 5.33963882, 5.33963882, 5.33963882, 5.33963882, 5.33963882, 5.33963882, 5.33963882, 5.33963882
         0,  1.4615188,  4.7309647, -1.0535813,  3.2650073,  4.6835064, -3.0413633, -3.1609452,  0.6034966, 5.34573684, 5.34573684, 5.34573684, 5.34573684, 5.34573684, 5.34573684, 5.34573684, 5.34573684, 5.34573684
         0,  3.4358956,  3.7344392, -3.6283003, -4.6354501,  0.5630945, -1.3030849, -4.3639816,  0.8885336, 5.36634449, 5.36634449, 5.36634449, 5.36634449, 5.36634449, 5.36634449, 5.36634449, 5.36634449, 5.36634449
         0,  3.6314194,  0.2384863, -3.7438673, -4.0344969,  4.4858375, -1.5582964, -1.0482655, -3.2747282, 5.36872904, 5.36872904, 5.36872904, 5.36872904, 5.36872904, 5.36872904, 5.36872904, 5.36872904, 5.36872904
         0,   2.422463, -1.9531636, -4.2617632,  3.9921999, -4.6258892, -0.5894611, -2.5965455, -3.2075048, 5.38585761, 5.38585761, 5.38585761, 5.38585761, 5.38585761, 5.38585761, 5.38585761, 5.38585761, 5.38585761
         0,  4.4619066,  4.1646844,  3.6439795,  3.9398496,   3.416207,   2.726902,  3.6387745,  4.7892396, 5.39224793, 5.39224793, 5.39224793, 5.39224793, 5.39224793, 5.39224793, 5.39224793, 5.39224793, 5.39224793
         0,   1.972892,  1.3821127, -1.1750501, -4.2368705,  -0.994413, -1.1489546,     4.7614,  1.0273941, 5.39940949, 5.39940949, 5.39940949, 5.39940949, 5.39940949, 5.39940949, 5.39940949, 5.39940949, 5.39940949
         0,  0.6846796, -2.9090934,  1.2889075,  4.9628728, -4.2842562,  0.2581485, -2.7860208, -3.7584062, 5.42793328, 5.42793328, 5.42793328, 5.42793328, 5.42793328, 5.42793328, 5.42793328, 5.42793328, 5.42793328
         0,  2.8528519, -3.8230397,  0.0208072, -4.5439389,   1.734495,  1.4516096,   1.342208, -2.8790921, 5.44962452, 5.44962452, 5.44962452, 5.44962452, 5.44962452, 5.44962452, 5.44962452, 5.44962452, 5.44962452
         0, -3.1943461,  4.3566755,  3.6214467, -4.2343465,   4.804159,  3.8610851,  2.2985456, -2.4052569, 5.45918717, 5.45918717, 5.45918717, 5.45918717, 5.45918717, 5.45918717, 5.45918717, 5.45918717, 5.45918717
         0,   1.663833,  4.2223013,    3.38375, -4.6931851, -1.3627415, -3.5898989,  4.9960477, -0.6771125, 5.46633741, 5.46633741, 5.46633741, 5.46633741, 5.46633741, 5.46633741, 5.46633741, 5.46633741, 5.46633741
         0, -0.3463583, -0.9832471,  0.8821156,  -4.995566,  1.0612573, -0.9626059,   -2.59241,  0.7952792, 5.47528878, 5.47528878, 5.47528878, 5.47528878, 5.47528878, 5.47528878, 5.47528878, 5.47528878, 5.47528878
         0,   -1.91093,  -4.940292,  3.2208827,  4.1949545,  0.3734691, -3.0144945, -3.7775193, -2.5371845, 5.48909852, 5.48909852, 5.48909852, 5.48909852, 5.48909852, 5.48909852, 5.48909852, 5.48909852, 5.48909852
         0,   3.353836, -3.2849208,  4.8702234,  4.1471805,  1.2982695, -0.2343041,  4.0654168, -1.2207285, 5.50431534, 5.50431534, 5.50431534, 5.50431534, 5.50431534, 5.50431534, 5.50431534, 5.50431534, 5.50431534
         0, -2.6139738,  2.9355452,  0.0315478,  3.1004067,   4.440763,  4.3768986,   1.928955,  0.9413046, 5.54355282, 5.54355282, 5.54355282, 5.54355282, 5.54355282, 5.54355282, 5.54355282, 5.54355282, 5.54355282
         0,   2.488438,  4.2688745,  1.7508403,  4.5084515, -2.6084822, -4.9882169,  -1.835257,  -1.657624, 5.55487589, 5.55487589, 5.55487589, 5.55487589, 5.55487589, 5.55487589, 5.55487589, 5.55487589, 5.55487589
         0,  1.3216178,   2.459392,  1.2313262, -4.2822376,  3.4338548,  4.5717872, -4.1897727, -2.5589242, 5.56149503, 5.56149503, 5.56149503, 5.56149503, 5.56149503, 5.56149503, 5.56149503, 5.56149503, 5.56149503
         0, -4.7180956,   1.351345,  3.2381471,  4.6231379,  -3.845265, -0.0210691,  0.9168739,  -0.627587, 5.58742270,  5.5874227,  5.5874227,  5.5874227,  5.5874227,  5.5874227,  5.5874227,  5.5874227,  5.5874227
         0, -3.6793924, -4.3925085,  4.9886213, -4.3012851, -3.7150358, -1.2008685,  4.7850583, -3.9783252, 5.63953704, 5.63953704, 5.63953704, 5.63953704, 5.63953704, 5.63953704, 5.63953704, 5.63953704, 5.63953704
         0,  1.6950975, -0.1622096,  2.2820935,  4.8374074,  1.5328258, -4.6649586, -0.3967401, -2.8870566, 5.64334940,  5.6433494,  5.6433494,  5.6433494,  5.6433494,  5.6433494,  5.6433494,  5.6433494,  5.6433494
         0, -2.8166756,  -4.197064,  -4.086138,  4.1747679,   0.458353,  1.8314042, -4.7420127, -0.7166739, 5.65445401, 5.65445401, 5.65445401, 5.65445401, 5.65445401, 5.65445401, 5.65445401, 5.65445401, 5.65445401
         0,  2.2479317, -4.1667901,     0.2095,   3.412904,  1.7217782,  3.4019997,  -2.319202, -1.1775887, 5.65533004, 5.65533004, 5.65533004, 5.65533004, 5.65533004, 5.65533004, 5.65533004, 5.65533004, 5.65533004
         0,  4.3422611, -4.9893276, -0.9354927,  3.7684052,  4.6349391,  3.5020771, -1.0376514, -2.4633941, 5.66403002, 5.66403002, 5.66403002, 5.66403002, 5.66403002, 5.66403002, 5.66403002, 5.66403002, 5.66403002
         0,  0.1415301,   4.355734, -4.2453442,  4.6894261,  4.6920724,  4.8891303, -2.3284136, -1.6798841, 5.67781452, 5.67781452, 5.67781452, 5.67781452, 5.67781452, 5.67781452, 5.67781452, 5.67781452, 5.67781452
         0, -4.2709739, -0.4388277,  4.4364425, -4.6475555, -3.8163875, -3.3518828,  3.8688096, -2.4341327, 5.70012385, 5.70012385, 5.70012385, 5.70012385, 5.70012385, 5.70012385, 5.70012385, 5.70012385, 5.70012385
         0,  2.4244007,  2.1385808, -2.0268427, -3.9292486,  -1.961752,  1.3229921,  4.3275292, -2.0371764, 5.71847838, 5.71847838, 5.71847838, 5.71847838, 5.71847838, 5.71847838, 5.71847838, 5.71847838, 5.71847838
         0,  1.7650184,  0.1788362,  4.2163181, -4.0313704,  4.3584785, -2.4650004, -1.9501845, -1.7433534, 5.71870627, 5.71870627, 5.71870627, 5.71870627, 5.71870627, 5.71870627, 5.71870627, 5.71870627, 5.71870627
         0,  2.7757184,  0.0412015,  3.1174008,  4.7342731, -2.7621442, -1.4392085,  1.7021776, -1.7027405, 5.72591438, 5.72591438, 5.72591438, 5.72591438, 5.72591438, 5.72591438, 5.72591438, 5.72591438, 5.72591438
         0,   1.473503, -3.5947304, -0.8977098,  4.1919942,  2.5330411,  1.0653487, -3.3776081, -1.8514982, 5.75831143, 5.75831143, 5.75831143, 5.75831143, 5.75831143, 5.75831143, 5.75831143, 5.75831143, 5.75831143
         0, -2.9272444,  3.4914132,  -4.019709, -4.4125682,  0.5829662,  2.0359147, -0.0053529, -2.5190874, 5.75877227, 5.75877227, 5.75877227, 5.75877227, 5.75877227, 5.75877227, 5.75877227, 5.75877227, 5.75877227
         0, -0.8579781,  2.9186247, -1.0419107,  3.6937487, -2.6062617,  1.9038308,  3.7878588, -2.5590976, 5.76252978, 5.76252978, 5.76252978, 5.76252978, 5.76252978, 5.76252978, 5.76252978, 5.76252978, 5.76252978
         0, -2.2290553,   1.539885,  4.0311504, -4.1784743, -3.9321105, -1.9956111, -3.8108629, -0.3881203, 5.77615383, 5.77615383, 5.77615383, 5.77615383, 5.77615383, 5.77615383, 5.77615383, 5.77615383, 5.77615383
         0, -1.4725896,  0.8290512,  4.0684881,  4.5170498, -2.9004966, -4.6056896, -2.0811899, -0.6470575, 5.78832913, 5.78832913, 5.78832913, 5.78832913, 5.78832913, 5.78832913, 5.78832913, 5.78832913, 5.78832913
         0, -0.4180925,  1.0666041,   0.319082, -3.0771588, -1.4088235, -2.0747397, -3.7705537, -0.4730356, 5.82336626, 5.82336626, 5.82336626, 5.82336626, 5.82336626, 5.82336626, 5.82336626, 5.82336626, 5.82336626
         0,  2.0999591, -2.7640586,  -1.285675,  -4.487115,   2.748729, -2.1489603, -4.4012055, -1.5806469, 5.83359140,  5.8335914,  5.8335914,  5.8335914,  5.8335914,  5.8335914,  5.8335914,  5.8335914,  5.8335914
         0,  3.8034956,  0.3056289, -0.6889006,   3.621617,  3.3445157,  4.7644708, -4.7800813, -2.2733841, 5.84831355, 5.84831355, 5.84831355, 5.84831355, 5.84831355, 5.84831355, 5.84831355, 5.84831355, 5.84831355
         0,  0.3270658, -1.1761565, -4.3939421, -4.9756145,  1.6567693, -1.0297268,  4.0893338, -1.7165601, 5.96092415, 5.96092415, 5.96092415, 5.96092415, 5.96092415, 5.96092415, 5.96092415, 5.96092415, 5.96092415
         0, -3.9012941,  3.3398874,  -2.401682, -3.6180446,  4.2609771, -0.1197826, -4.2614808, -1.0423307, 6.13295061, 6.13295061, 6.13295061, 6.13295061, 6.13295061, 6.13295061, 6.13295061, 6.13295061, 6.13295061
